9780310287711,6.99
9780664232764,13.6
9780664233594,12.0
9780802801159,16.0
9780802810014,15.0
9780802817532,16.0
9780802822130,20.0
9780802827524,24.0
9780802829030,15.0
9780802829542,24.0
9780802829894,22.0
9780802832153,28.0
9780802837820,75.0
9780802849311,20.0
9780802863393,25.0
9780802865526,6.0
9780830834570,12.8
9780830835980,17.0
9780830836321,13.6
9780830836963,16.0
9780830843046,12.8
9780830844579,17.0
9780883446256,36.5
9781573832786,7.99
9781597522502,23.0
9781620327081,22.0
9781625641519,18.0
9781616364786,7.99
